Workbook

Sheet 탤런트
A1: 칸 | B1: 이름 | C1: 최대 | D1: 요구렙 | E1: 선행 | F1: 종류 | G1: 기둥 | H1: 행 | I1: 열 | J1: 중복 | K1: 설명
A2: 0 | B2: Death Attack | C2: 1 | D2: 1 | F2: ★스킬 | G2: =IF(A2="","",IF(A2<15,"좌측",IF(A2<30,"중간","우측"))) | H2: =IF(A2="","",INT(MOD(A2,15)/3)) | I2: =IF(A2="","",MOD(A2,3)) | J2: =IF(A2="","",IF(COUNTIF(A:A,A2)>1,"중복!","")) | K2: Death Attack 습득: 단일 대상에게 어둠의 피해를 준다.^피해 = 19 + 스펠파워 x 0.74
A3: 1 | B3: Death Light | C3: 1 | D3: 1 | F3: ★스킬 | G3: =IF(A3="","",IF(A3<15,"좌측",IF(A3<30,"중간","우측"))) | H3: =IF(A3="","",INT(MOD(A3,15)/3)) | I3: =IF(A3="","",MOD(A3,3)) | J3: =IF(A3="","",IF(COUNTIF(A:A,A3)>1,"중복!","")) | K3: Death Light 습득: 지정한 지점에 죽음의 빛을 내린다.^0.25초마다 4번, 반경 300 안의 적 전원에게 피해를 준다.^틱당 피해 = (25 + 스펠파워 x 1.3) x 0.25^반경은 Phantom Mastery 배율을 같이 받는다.
A4: 2 | B4: Undead Fly | C4: 1 | D4: 2 | F4: ★스킬 | G4: =IF(A4="","",IF(A4<15,"좌측",IF(A4<30,"중간","우측"))) | H4: =IF(A4="","",INT(MOD(A4,15)/3)) | I4: =IF(A4="","",MOD(A4,3)) | J4: =IF(A4="","",IF(COUNTIF(A:A,A4)>1,"중복!","")) | K4: Undead Fly 습득: 언데드 파리 10마리를 불러내 6초간 주위를 배회하게 한다.^파리마다 1초에 한 번, 반경 150 안의 적 전원을 때린다.^히트당 피해 = 7 + 스펠파워 x 0.072^시전자에게서 1000 이상 멀어지면 사라진다.
A5: 3 | B5: Improved Death Attack | C5: 2 | D5: 2 | E5: 0 | F5: 패시브 | G5: =IF(A5="","",IF(A5<15,"좌측",IF(A5<30,"중간","우측"))) | H5: =IF(A5="","",INT(MOD(A5,15)/3)) | I5: =IF(A5="","",MOD(A5,3)) | J5: =IF(A5="","",IF(COUNTIF(A:A,A5)>1,"중복!","")) | K5: Death Attack 이 대상에게 공포 인장을 남긴다.^인장이 붙은 적은 받는 주문 피해가 *0/5/10*% 늘어난다.^인장은 3초 유지되고 Phantom Mastery 배율을 같이 받는다.
A6: 4 | B6: Improved Death Light | C6: 1 | D6: 2 | E6: 1 | F6: 패시브 | G6: =IF(A6="","",IF(A6<15,"좌측",IF(A6<30,"중간","우측"))) | H6: =IF(A6="","",INT(MOD(A6,15)/3)) | I6: =IF(A6="","",MOD(A6,3)) | J6: =IF(A6="","",IF(COUNTIF(A:A,A6)>1,"중복!","")) | K6: Death Light 가 공포 인장이 붙은 적에게 30% 더 큰 피해를 준다.
A7: 5 | B7: Improved Undead Fly | C7: 3 | D7: 4 | E7: 2 | F7: 패시브 | G7: =IF(A7="","",IF(A7<15,"좌측",IF(A7<30,"중간","우측"))) | H7: =IF(A7="","",INT(MOD(A7,15)/3)) | I7: =IF(A7="","",MOD(A7,3)) | J7: =IF(A7="","",IF(COUNTIF(A:A,A7)>1,"중복!","")) | K7: Undead Fly 의 지속 시간이 *6/8/10/12* 초가 된다.^파리 수와 타격 주기는 그대로다.
A8: 6 | B8: Empowered Death Light | C8: 3 | D8: 22 | E8: 4 | F8: 패시브 | G8: =IF(A8="","",IF(A8<15,"좌측",IF(A8<30,"중간","우측"))) | H8: =IF(A8="","",INT(MOD(A8,15)/3)) | I8: =IF(A8="","",MOD(A8,3)) | J8: =IF(A8="","",IF(COUNTIF(A:A,A8)>1,"중복!","")) | K8: Death Light 에 맞은 적이 주는 주문 피해가 *0/7/14/21*% 줄어든다. 5초 유지.^같은 동안 범위 안 자기 해골 전사의 평타에 피해가 더해진다.^추가 피해 = Necrosummon 공격력 x *0/5/10/15*%
A9: 7 | B9: Necrosummon | C9: 1 | D9: 4 | F9: ★스킬 | G9: =IF(A9="","",IF(A9<15,"좌측",IF(A9<30,"중간","우측"))) | H9: =IF(A9="","",INT(MOD(A9,15)/3)) | I9: =IF(A9="","",MOD(A9,3)) | J9: =IF(A9="","",IF(COUNTIF(A:A,A9)>1,"중복!","")) | K9: Necrosummon 습득: 지정한 지점에 사령을 불러낸다.^30초간 무적으로 싸우며, 공격력은 스펠파워의 35%에 종류별 배율을 곱한 값이다.^기본 = 해골 전사 x1.0 · 해골 마법사 x0.8 · 해골 궁수 x0.9 (치명타 20%)
A10: 8 | B10: Empowered Undead Fly | C10: 3 | D10: 26 | E10: 5 | F10: 패시브 | G10: =IF(A10="","",IF(A10<15,"좌측",IF(A10<30,"중간","우측"))) | H10: =IF(A10="","",INT(MOD(A10,15)/3)) | I10: =IF(A10="","",MOD(A10,3)) | J10: =IF(A10="","",IF(COUNTIF(A:A,A10)>1,"중복!","")) | K10: 파리의 피해가 *0/10/20/30*% 늘어난다.^기절하는 적은 *0/10/20/30*% 확률로 1초간 기절하고,^기절 안 하는 적에게는 대신 *0/8/16/24*% 를 더 준다.
A11: 9 | B11: Karma | C11: 1 | D11: 16 | F11: ★스킬 | G11: =IF(A11="","",IF(A11<15,"좌측",IF(A11<30,"중간","우측"))) | H11: =IF(A11="","",INT(MOD(A11,15)/3)) | I11: =IF(A11="","",MOD(A11,3)) | J11: =IF(A11="","",IF(COUNTIF(A:A,A11)>1,"중복!","")) | K11: Karma 습득: 쓸 때마다 영혼을 하나 모은다. 최대 4.^영혼이 4 일 때 쓰면 전부 흩어지며 자기 둘레 반경 400 의 적을 친다.^영혼 한 몫 피해 = 18 + 스펠파워 x 1.0 (터질 때 4 몫)
A12: 10 | B12: Improved Necrosummon | C12: 3 | D12: 8 | E12: 7 | F12: 패시브 | G12: =IF(A12="","",IF(A12<15,"좌측",IF(A12<30,"중간","우측"))) | H12: =IF(A12="","",INT(MOD(A12,15)/3)) | I12: =IF(A12="","",MOD(A12,3)) | J12: =IF(A12="","",IF(COUNTIF(A:A,A12)>1,"중복!","")) | K12: Necrosummon 이 불러내는 해골이 *1/2/3/4* 마리가 된다.
A13: 11 | B13: Soul Sacrifice | C13: 1 | D13: 20 | E13: 7 | F13: ★스킬 | G13: =IF(A13="","",IF(A13<15,"좌측",IF(A13<30,"중간","우측"))) | H13: =IF(A13="","",INT(MOD(A13,15)/3)) | I13: =IF(A13="","",MOD(A13,3)) | J13: =IF(A13="","",IF(COUNTIF(A:A,A13)>1,"중복!","")) | K13: Soul Sacrifice 습득: 자기 사령 하나를 제물로 바쳐 그 자리 반경 200 의 적에게 큰 피해를 준다.^피해 = 30 + 스펠파워 x 2.0^Necrosummon 이 있어야 쓸 수 있다.
A14: 12 | B14: Improved Karma | C14: 3 | D14: 24 | E14: 9 | F14: 패시브 | G14: =IF(A14="","",IF(A14<15,"좌측",IF(A14<30,"중간","우측"))) | H14: =IF(A14="","",INT(MOD(A14,15)/3)) | I14: =IF(A14="","",MOD(A14,3)) | J14: =IF(A14="","",IF(COUNTIF(A:A,A14)>1,"중복!","")) | K14: Karma 의 영혼이 주는 피해가 *0/12/24/36*% 늘어난다.
A15: 14 | B15: Improved Soul Sacrifice | C15: 2 | D15: 28 | E15: 11 | F15: 패시브 | G15: =IF(A15="","",IF(A15<15,"좌측",IF(A15<30,"중간","우측"))) | H15: =IF(A15="","",INT(MOD(A15,15)/3)) | I15: =IF(A15="","",MOD(A15,3)) | J15: =IF(A15="","",IF(COUNTIF(A:A,A15)>1,"중복!","")) | K15: Soul Sacrifice 에 맞은 적이 3초간 매초 지속 피해를 받는다.^틱당 피해 = Soul Sacrifice 피해 x *0/20/40*%
A16: 15 | B16: Death Wisper | C16: 3 | D16: 2 | F16: 패시브 | G16: =IF(A16="","",IF(A16<15,"좌측",IF(A16<30,"중간","우측"))) | H16: =IF(A16="","",INT(MOD(A16,15)/3)) | I16: =IF(A16="","",MOD(A16,3)) | J16: =IF(A16="","",IF(COUNTIF(A:A,A16)>1,"중복!","")) | K16: 지능 1 당 스펠파워가 *0/0.1/0.2/0.3* 오른다.
A17: 16 | B17: Soul Shock | C17: 2 | D17: 4 | F17: 패시브 | G17: =IF(A17="","",IF(A17<15,"좌측",IF(A17<30,"중간","우측"))) | H17: =IF(A17="","",INT(MOD(A17,15)/3)) | I17: =IF(A17="","",MOD(A17,3)) | J17: =IF(A17="","",IF(COUNTIF(A:A,A17)>1,"중복!","")) | K17: 레벨 1 당 주문 치명타 확률이 *0/0.075/0.15*,^주문 치명타 위력이 *0/0.3/0.6* 오른다.
A18: 17 | B18: Soul Control | C18: 3 | D18: 12 | F18: 패시브 | G18: =IF(A18="","",IF(A18<15,"좌측",IF(A18<30,"중간","우측"))) | H18: =IF(A18="","",INT(MOD(A18,15)/3)) | I18: =IF(A18="","",MOD(A18,3)) | J18: =IF(A18="","",IF(COUNTIF(A:A,A18)>1,"중복!","")) | K18: Necro Mastery 와 Phantom Mastery 의 배율이 포인트당 *0/13/26/39*% 더 오른다.
A19: 18 | B19: Necro Mastery | C19: 1 | D19: 8 | F19: 패시브 | G19: =IF(A19="","",IF(A19<15,"좌측",IF(A19<30,"중간","우측"))) | H19: =IF(A19="","",INT(MOD(A19,15)/3)) | I19: =IF(A19="","",MOD(A19,3)) | J19: =IF(A19="","",IF(COUNTIF(A:A,A19)>1,"중복!","")) | K19: Necrosummon · Karma · Soul Sacrifice 의 피해가 포인트 x (1 + 0.13 x Soul Control) x (1 + 레벨 x 0.004) 배가 된다.^배율이 1 을 넘을 때만 적용된다.
A20: 19 | B20: Phantom Mastery | C20: 1 | D20: 8 | F20: 패시브 | G20: =IF(A20="","",IF(A20<15,"좌측",IF(A20<30,"중간","우측"))) | H20: =IF(A20="","",INT(MOD(A20,15)/3)) | I20: =IF(A20="","",MOD(A20,3)) | J20: =IF(A20="","",IF(COUNTIF(A:A,A20)>1,"중복!","")) | K20: Death Attack · Death Light · Undead Fly 의 피해가 포인트 x (1 + 0.13 x Soul Control) x (1 + 레벨 x 0.004) 배가 된다.^배율이 1 을 넘을 때만 적용된다 (55레벨 = 약 1.22배).
A21: 20 | B21: Be With Me | C21: 3 | D21: 40 | E21: 17 | F21: 패시브 | G21: =IF(A21="","",IF(A21<15,"좌측",IF(A21<30,"중간","우측"))) | H21: =IF(A21="","",INT(MOD(A21,15)/3)) | I21: =IF(A21="","",MOD(A21,3)) | J21: =IF(A21="","",IF(COUNTIF(A:A,A21)>1,"중복!","")) | K21: 1포인트: Death Light 가 4번이 아니라 6번 때린다.^2포인트: Soul Sacrifice 반경이 2배가 된다.^3포인트: Undead Fly 의 파리가 10마리에서 15마리가 되고,^Necrosummon 의 상급 사령 확률이 10% 오른다.^Necro Mastery 를 배웠으면 Soul Sacrifice 가 포인트당 33% 확률로 해골을 한 마리 세운다.
A22: 21 | B22: Empowered Death Attack | C22: 3 | D22: 16 | E22: 3 | F22: 패시브 | G22: =IF(A22="","",IF(A22<15,"좌측",IF(A22<30,"중간","우측"))) | H22: =IF(A22="","",INT(MOD(A22,15)/3)) | I22: =IF(A22="","",MOD(A22,3)) | J22: =IF(A22="","",IF(COUNTIF(A:A,A22)>1,"중복!","")) | K22: Death Attack 의 피해가 *0/15/30/45*% 증가한다.
A23: 22 | B23: Empowered Necrosummon | C23: 3 | D23: 24 | E23: 10 | F23: 패시브 | G23: =IF(A23="","",IF(A23<15,"좌측",IF(A23<30,"중간","우측"))) | H23: =IF(A23="","",INT(MOD(A23,15)/3)) | I23: =IF(A23="","",MOD(A23,3)) | J23: =IF(A23="","",IF(COUNTIF(A:A,A23)>1,"중복!","")) | K23: Necrosummon 이 소환마다 *0/10/20/30*% 확률로 상급 사령을 부른다.^인페르날 x2.0 (매초 반경 220 에 공격력 45%) · 둠가드 x1.9 (치명타 20%) · 미트 왜건 x2.5
A24: 24 | B24: Empowered Karma | C24: 3 | D24: 30 | E24: 12 | F24: 패시브 | G24: =IF(A24="","",IF(A24<15,"좌측",IF(A24<30,"중간","우측"))) | H24: =IF(A24="","",INT(MOD(A24,15)/3)) | I24: =IF(A24="","",MOD(A24,3)) | J24: =IF(A24="","",IF(COUNTIF(A:A,A24)>1,"중복!","")) | K24: Karma 를 한 번 쓸 때 모이는 영혼이 *1/2/3/4* 가 된다.
A25: 26 | B25: Empowered Soul Sacrifice | C25: 1 | D25: 36 | E25: 11 | F25: 패시브 | G25: =IF(A25="","",IF(A25<15,"좌측",IF(A25<30,"중간","우측"))) | H25: =IF(A25="","",INT(MOD(A25,15)/3)) | I25: =IF(A25="","",MOD(A25,3)) | J25: =IF(A25="","",IF(COUNTIF(A:A,A25)>1,"중복!","")) | K25: Soul Sacrifice 가 제물을 소모하지 않는다.
A26: 27 | B26: Death Unleashed | C26: 5 | D26: 50 | E26: 21 | F26: 패시브 | G26: =IF(A26="","",IF(A26<15,"좌측",IF(A26<30,"중간","우측"))) | H26: =IF(A26="","",INT(MOD(A26,15)/3)) | I26: =IF(A26="","",MOD(A26,3)) | J26: =IF(A26="","",IF(COUNTIF(A:A,A26)>1,"중복!","")) | K26: 5포인트: Death Attack 이 20% 확률로 피해가 3배가 된다 (마나 10 소모).
A27: 28 | B27: Netherworld Summon | C27: 5 | D27: 50 | E27: 22 | F27: 패시브 | G27: =IF(A27="","",IF(A27<15,"좌측",IF(A27<30,"중간","우측"))) | H27: =IF(A27="","",INT(MOD(A27,15)/3)) | I27: =IF(A27="","",MOD(A27,3)) | J27: =IF(A27="","",IF(COUNTIF(A:A,A27)>1,"중복!","")) | K27: Necrosummon 의 상급 사령 확률이 *0/5/10/15/20/25*% 오른다.^5포인트: 거기에 더해 소환마다 15% 확률로 최상급 사령을 부른다.^데스나이트 x4.0 (치명타 20% · 주위 아군 회복) · 리치 x3.2 ·^드레드로드 x3.2 (주위 아군에게 흡혈)
A28: 30 | B28: Netherworld Darkness | C28: 5 | D28: 55 | E28: 1 | F28: 55제 | G28: =IF(A28="","",IF(A28<15,"좌측",IF(A28<30,"중간","우측"))) | H28: =IF(A28="","",INT(MOD(A28,15)/3)) | I28: =IF(A28="","",MOD(A28,3)) | J28: =IF(A28="","",IF(COUNTIF(A:A,A28)>1,"중복!","")) | K28: Death Light 를 쓸 때마다 중첩이 하나 쌓여 자신이 주는 피해가 중첩당 4% 오른다.^최대 *0/2/3/4/5/6* 중첩, 12초 유지.^5포인트를 채우면 Death Light 를 두 번 써야 재사용 대기에 들어간다.^Death Light 를 찍어야 열린다.
A29: 31 | B29: Undead Harvest | C29: 5 | D29: 55 | E29: 8 | F29: 55제 | G29: =IF(A29="","",IF(A29<15,"좌측",IF(A29<30,"중간","우측"))) | H29: =IF(A29="","",INT(MOD(A29,15)/3)) | I29: =IF(A29="","",MOD(A29,3)) | J29: =IF(A29="","",IF(COUNTIF(A:A,A29)>1,"중복!","")) | K29: 파리가 보스가 아닌 적을 *0/1/2/3/4/5*% 확률로 즉사시킨다. 그 파리는 사라진다.^보스에게는 대신 파리 피해가 *0/10/20/30/40/50*% 늘어난다.^5포인트를 채우면 파리가 보스를 때릴 때 4% 확률로 Death Attack 을 함께 쓴다.^Empowered Undead Fly 를 찍어야 열린다.
A30: 33 | B30: Soul Attunement | C30: 5 | D30: 55 | E30: 24 | F30: 55제 | G30: =IF(A30="","",IF(A30<15,"좌측",IF(A30<30,"중간","우측"))) | H30: =IF(A30="","",INT(MOD(A30,15)/3)) | I30: =IF(A30="","",MOD(A30,3)) | J30: =IF(A30="","",IF(COUNTIF(A:A,A30)>1,"중복!","")) | K30: Karma 의 영혼이 주는 피해가 *0/10/20/30/40/50*% 늘어난다.^5포인트를 채우면 흩어질 때 3 몫이 더 붙는다.^Empowered Karma 를 찍어야 열린다.
A31: 34 | B31: Grand Sacrifice | C31: 5 | D31: 55 | E31: 26 | F31: 55제 | G31: =IF(A31="","",IF(A31<15,"좌측",IF(A31<30,"중간","우측"))) | H31: =IF(A31="","",INT(MOD(A31,15)/3)) | I31: =IF(A31="","",MOD(A31,3)) | J31: =IF(A31="","",IF(COUNTIF(A:A,A31)>1,"중복!","")) | K31: Soul Sacrifice 의 피해가 *0/10/20/30/40/50*% 늘고 반경이 포인트당 50 넓어진다.^5포인트를 채우면 Soul Sacrifice 가 해골 전사 2기를 새로 세운다.^Empowered Soul Sacrifice 를 찍어야 열린다.

Sheet 격자
A1: 지금 배치 — 「탤런트」 시트의 칸 번호를 고치면 여기가 바뀐다
B3: 좌측 (0~14) · 액티브 | F3: 중간 (15~29) · 패시브 | J3: 우측 (30~44) · 55제
A4: 0행 | B4: 0 | C4: 1 | D4: 2 | F4: 15 | G4: 16 | H4: 17 | J4: 30 | K4: 31 | L4: 32
B5: =IFERROR(INDEX(탤런트!$B$2:$B$31,MATCH(0,탤런트!$A$2:$A$31,0)),"") | C5: =IFERROR(INDEX(탤런트!$B$2:$B$31,MATCH(1,탤런트!$A$2:$A$31,0)),"") | D5: =IFERROR(INDEX(탤런트!$B$2:$B$31,MATCH(2,탤런트!$A$2:$A$31,0)),"") | F5: =IFERROR(INDEX(탤런트!$B$2:$B$31,MATCH(15,탤런트!$A$2:$A$31,0)),"") | G5: =IFERROR(INDEX(탤런트!$B$2:$B$31,MATCH(16,탤런트!$A$2:$A$31,0)),"") | H5: =IFERROR(INDEX(탤런트!$B$2:$B$31,MATCH(17,탤런트!$A$2:$A$31,0)),"") | J5: =IFERROR(INDEX(탤런트!$B$2:$B$31,MATCH(30,탤런트!$A$2:$A$31,0)),"") | K5: =IFERROR(INDEX(탤런트!$B$2:$B$31,MATCH(31,탤런트!$A$2:$A$31,0)),"") | L5: =IFERROR(INDEX(탤런트!$B$2:$B$31,MATCH(32,탤런트!$A$2:$A$31,0)),"")
A6: 1행 | B6: 3 | C6: 4 | D6: 5 | F6: 18 | G6: 19 | H6: 20 | J6: 33 | K6: 34 | L6: 35
B7: =IFERROR(INDEX(탤런트!$B$2:$B$31,MATCH(3,탤런트!$A$2:$A$31,0)),"") | C7: =IFERROR(INDEX(탤런트!$B$2:$B$31,MATCH(4,탤런트!$A$2:$A$31,0)),"") | D7: =IFERROR(INDEX(탤런트!$B$2:$B$31,MATCH(5,탤런트!$A$2:$A$31,0)),"") | F7: =IFERROR(INDEX(탤런트!$B$2:$B$31,MATCH(18,탤런트!$A$2:$A$31,0)),"") | G7: =IFERROR(INDEX(탤런트!$B$2:$B$31,MATCH(19,탤런트!$A$2:$A$31,0)),"") | H7: =IFERROR(INDEX(탤런트!$B$2:$B$31,MATCH(20,탤런트!$A$2:$A$31,0)),"") | J7: =IFERROR(INDEX(탤런트!$B$2:$B$31,MATCH(33,탤런트!$A$2:$A$31,0)),"") | K7: =IFERROR(INDEX(탤런트!$B$2:$B$31,MATCH(34,탤런트!$A$2:$A$31,0)),"") | L7: =IFERROR(INDEX(탤런트!$B$2:$B$31,MATCH(35,탤런트!$A$2:$A$31,0)),"")
A8: 2행 | B8: 6 | C8: 7 | D8: 8 | F8: 21 | G8: 22 | H8: 23 | J8: 36 | K8: 37 | L8: 38
B9: =IFERROR(INDEX(탤런트!$B$2:$B$31,MATCH(6,탤런트!$A$2:$A$31,0)),"") | C9: =IFERROR(INDEX(탤런트!$B$2:$B$31,MATCH(7,탤런트!$A$2:$A$31,0)),"") | D9: =IFERROR(INDEX(탤런트!$B$2:$B$31,MATCH(8,탤런트!$A$2:$A$31,0)),"") | F9: =IFERROR(INDEX(탤런트!$B$2:$B$31,MATCH(21,탤런트!$A$2:$A$31,0)),"") | G9: =IFERROR(INDEX(탤런트!$B$2:$B$31,MATCH(22,탤런트!$A$2:$A$31,0)),"") | H9: =IFERROR(INDEX(탤런트!$B$2:$B$31,MATCH(23,탤런트!$A$2:$A$31,0)),"") | J9: =IFERROR(INDEX(탤런트!$B$2:$B$31,MATCH(36,탤런트!$A$2:$A$31,0)),"") | K9: =IFERROR(INDEX(탤런트!$B$2:$B$31,MATCH(37,탤런트!$A$2:$A$31,0)),"") | L9: =IFERROR(INDEX(탤런트!$B$2:$B$31,MATCH(38,탤런트!$A$2:$A$31,0)),"")
A10: 3행 | B10: 9 | C10: 10 | D10: 11 | F10: 24 | G10: 25 | H10: 26 | J10: 39 | K10: 40 | L10: 41
B11: =IFERROR(INDEX(탤런트!$B$2:$B$31,MATCH(9,탤런트!$A$2:$A$31,0)),"") | C11: =IFERROR(INDEX(탤런트!$B$2:$B$31,MATCH(10,탤런트!$A$2:$A$31,0)),"") | D11: =IFERROR(INDEX(탤런트!$B$2:$B$31,MATCH(11,탤런트!$A$2:$A$31,0)),"") | F11: =IFERROR(INDEX(탤런트!$B$2:$B$31,MATCH(24,탤런트!$A$2:$A$31,0)),"") | G11: =IFERROR(INDEX(탤런트!$B$2:$B$31,MATCH(25,탤런트!$A$2:$A$31,0)),"") | H11: =IFERROR(INDEX(탤런트!$B$2:$B$31,MATCH(26,탤런트!$A$2:$A$31,0)),"") | J11: =IFERROR(INDEX(탤런트!$B$2:$B$31,MATCH(39,탤런트!$A$2:$A$31,0)),"") | K11: =IFERROR(INDEX(탤런트!$B$2:$B$31,MATCH(40,탤런트!$A$2:$A$31,0)),"") | L11: =IFERROR(INDEX(탤런트!$B$2:$B$31,MATCH(41,탤런트!$A$2:$A$31,0)),"")
A12: 4행 | B12: 12 | C12: 13 | D12: 14 | F12: 27 | G12: 28 | H12: 29 | J12: 42 | K12: 43 | L12: 44
B13: =IFERROR(INDEX(탤런트!$B$2:$B$31,MATCH(12,탤런트!$A$2:$A$31,0)),"") | C13: =IFERROR(INDEX(탤런트!$B$2:$B$31,MATCH(13,탤런트!$A$2:$A$31,0)),"") | D13: =IFERROR(INDEX(탤런트!$B$2:$B$31,MATCH(14,탤런트!$A$2:$A$31,0)),"") | F13: =IFERROR(INDEX(탤런트!$B$2:$B$31,MATCH(27,탤런트!$A$2:$A$31,0)),"") | G13: =IFERROR(INDEX(탤런트!$B$2:$B$31,MATCH(28,탤런트!$A$2:$A$31,0)),"") | H13: =IFERROR(INDEX(탤런트!$B$2:$B$31,MATCH(29,탤런트!$A$2:$A$31,0)),"") | J13: =IFERROR(INDEX(탤런트!$B$2:$B$31,MATCH(42,탤런트!$A$2:$A$31,0)),"") | K13: =IFERROR(INDEX(탤런트!$B$2:$B$31,MATCH(43,탤런트!$A$2:$A$31,0)),"") | L13: =IFERROR(INDEX(탤런트!$B$2:$B$31,MATCH(44,탤런트!$A$2:$A$31,0)),"")

Sheet 읽어보기
A1: 네크로맨서 탤런트 배치 — 고치는 법
A3: 1. 「탤런트」 시트에서 **노란 칸만** 고친다 — `칸`(위치)과 `선행`.
A4: 회색 칸(기둥·행·열·중복)은 수식이라 저절로 따라온다.
A5: 2. 「격자」 시트에서 결과를 눈으로 확인한다.
A6: 3. 저장한 뒤 나에게 말해 주면 맵에 반영한다.
A8: 격자 규칙 (맵에서 확인한 것)
A9: 0~14 좌측 · 15~29 중간 · 30~44 우측. 각 기둥은 3칸 x 5줄.
A10: 한 기둥 안에서 왼->오, 위->아래로 채운다. 예) 좌측 0행 = 0,1,2 / 1행 = 3,4,5
A12: 이 맵의 관습
A13: 좌측 = 액티브(★스킬) · 중간 = 패시브 · 우측 = 55제
A14: 지켜도 되고 안 지켜도 되지만, 다른 18직업이 전부 이 꼴이다.
A16: 주의
... A21: 그건 말로 알려주면 따로 처리한다.
